{"inputs":[["3ff1ffef93f5e1439170b97948e833285d588181b64550b829a031e1724e6430","77f1ffef93f5e1439170b97948e833285d588181b64550b829a031e1724e6430","45e5ffef93f5e1439170b97948e833285d588181b64550b829a031e1724e6430","84edffef93f5e1439170b97948e833285d588181b64550b829a031e1724e6430","2bf4ffef93f5e1439170b97948e833285d588181b64550b829a031e1724e6430"]],"pretty_elements":{"rescaled_inputs":[["-0.92236328125","-0.90869140625","-1.6708984375","-1.155517578125","-0.73974609375"]],"inputs":[["0x30644e72e131a029b85045b68181585d2833e84879b9709143e1f593effff13f","0x30644e72e131a029b85045b68181585d2833e84879b9709143e1f593effff177","0x30644e72e131a029b85045b68181585d2833e84879b9709143e1f593efffe545","0x30644e72e131a029b85045b68181585d2833e84879b9709143e1f593efffed84","0x30644e72e131a029b85045b68181585d2833e84879b9709143e1f593effff42b"]],"processed_inputs":[],"processed_params":[],"processed_outputs":[],"rescaled_outputs":[["0.07421875"]],"outputs":[["0x0000000000000000000000000000000000000000000000000000000000000130"]]},"outputs":[["3001000000000000000000000000000000000000000000000000000000000000"]],"processed_inputs":null,"processed_params":null,"processed_outputs":null,"max_lookup_inputs":0,"min_lookup_inputs":-10344,"max_range_size":16383,"version":"23.0.3"}