{"mean": [43.819, 84905.976, 25705.825, 14.895, 4.919], "scale": [14.983532260451813, 38411.66875541112, 14187.575566331818, 8.563525850956488, 2.5939234761264673]}